,week_start,binavg_GHGE_SF,binavg_LU_SF,binavg_WU_SF,binavg_GHGE_perkg,binavg_LU_perkg,binavg_WU_perkg,binavg_composite_norm,binavg_composite_intensity_norm
1,1/1/2022,1001023.086,2604775.68,128944496.8,4.443456143,11.56923143,570.7600109,0.660220208,0.893369976
2,8/1/2022,1081299.734,2808211.863,138993635.9,4.468699187,11.59341045,575.9363805,0.712200716,0.898465194
3,15/01/2022,1077421.303,2798195.27,137722692.6,4.46517609,11.58982555,571.7773978,0.708324833,0.895869786
4,22/01/2022,1070986.679,2765086.79,136632603.3,4.502987503,11.62040451,575.105835,0.70223657,0.900941458
5,29/01/2022,1075610.647,2769902.199,137835557.4,4.47750972,11.52290853,574.5590687,0.705713455,0.896531423
6,5/2/2022,1075844.62,2768516.427,135730844.4,4.550521835,11.69834245,576.0457643,0.702032345,0.906529524
7,12/2/2022,1078865.26,2772585.668,136126991.8,4.557628276,11.70073658,575.5956503,0.703713363,0.906810831
8,19/02/2022,1060411.49,2719255.23,135332909.8,4.502289491,11.53754882,575.3005826,0.693807036,0.898933073
9,26/02/2022,1072544.188,2750618.494,137601778.3,4.478202327,11.47689711,575.5139306,0.703003573,0.89595018
10,5/3/2022,1055086.227,2703234.252,134891206.6,4.528398165,11.59069381,580.4077664,0.690529566,0.904770714
11,12/3/2022,1050278.19,2687609.51,134286357.5,4.523705869,11.56602946,579.4071684,0.687117739,0.903298952
12,19/03/2022,1033130.257,2644694.628,132307339.4,4.515736791,11.5505705,578.6120311,0.676348042,0.901953766
13,26/03/2022,1046326.264,2667013.859,132485123,4.579278992,11.66284194,580.759467,0.68141316,0.91011279
14,2/4/2022,1064062.886,2729612.349,132973475.5,4.660089657,11.93259426,583.2786119,0.691429879,0.923543761
15,9/4/2022,1201312.356,3243787.378,144593666.5,4.846912801,13.01283261,585.2625078,0.784943416,0.963896333
16,16/04/2022,951136.9059,2530036.496,121249391,4.41527865,11.63845889,570.9644503,0.629836261,0.893356177
17,23/04/2022,1007179.389,2601939.48,132318601.7,4.372097648,11.28838093,575.8603864,0.667103731,0.884450091
18,30/04/2022,972197.2396,2497647.39,127056583.4,4.38020382,11.24649082,572.7007613,0.641602268,0.882209882
19,7/5/2022,963179.5931,2470766.994,125896280.5,4.369321047,11.199913,571.6959677,0.635365606,0.879781275
20,14/05/2022,935170.2486,2403294.016,123943191.7,4.286764879,11.00438413,568.5694337,0.620194884,0.867756718
21,21/05/2022,937261.7886,2410583.858,124016130.8,4.30951267,11.07361982,571.1042674,0.621394595,0.872368474
22,28/05/2022,992294.5242,2567427.689,130739435.9,4.376421152,11.31263002,576.3554132,0.658227098,0.885610779
23,4/6/2022,938076.0713,2405398.385,123336993.6,4.360985072,11.17894313,573.712645,0.619962544,0.879811783
24,11/6/2022,942287.0868,2418186.969,124101797.6,4.310274512,11.05064352,567.8925627,0.623277866,0.87008878
25,18/06/2022,926473.4145,2362813.686,123547097,4.205060689,10.72485777,560.7310055,0.614179714,0.851114402
26,25/06/2022,919518.2416,2353725.949,122344108.5,4.282347881,10.95287624,570.2776609,0.609833792,0.867113914
27,2/7/2022,929961.3608,2390274.194,124110274.3,4.296612761,11.02904821,573.7692542,0.618243801,0.871863793
28,9/7/2022,890453.203,2282491.688,120880348.8,4.104830848,10.51355389,558.0939285,0.594953878,0.83780055
29,16/07/2022,895617.2471,2281114.034,122463520.7,3.970916768,10.09269894,545.1456928,0.598672214,0.811399594
30,23/07/2022,1041071.618,2689497.573,138152670.6,4.317991996,11.16571604,572.5399718,0.691924113,0.876011147
31,30/07/2022,882483.8552,2278248.133,116907003.3,4.346338198,11.20853304,576.4447654,0.586045241,0.88108069
32,6/8/2022,875872.473,2257028.556,117763017.8,4.197741041,10.81616498,564.3977333,0.584274021,0.854917606
33,13/08/2022,857627.9161,2199687.414,115205567.5,4.166054648,10.67678455,560.2626995,0.571043382,0.847091147
34,20/08/2022,885561.0756,2286909.775,116693771.9,4.327173688,11.16133004,571.1762434,0.58708398,0.875760166
35,27/08/2022,898119.6028,2320384.451,117379780.7,4.419428651,11.41884641,577.5102334,0.593835186,0.891724578
36,3/9/2022,909185.5938,2347603.219,117754280.3,4.490297858,11.58734594,582.5210981,0.599194923,0.90333546
37,10/9/2022,934780.8723,2411866.054,119428700.5,4.553832565,11.74121107,583.1585111,0.613090888,0.911706948
38,17/09/2022,933177.8993,2420279.545,117702646.1,4.515823124,11.61869721,584.1397977,0.610498125,0.906683075
39,24/09/2022,952238.1514,2478956.66,119082576.5,4.638342301,12.06589134,580.9331401,0.621997599,0.924158694
40,1/10/2022,956361.133,2488113.941,119634139.6,4.646965606,12.07630889,582.2234256,0.624618024,0.925691783
41,8/10/2022,952533.4197,2475707.11,119861223.3,4.626501592,12.02456152,582.7672641,0.623121186,0.923350361
42,15/10/2022,964756.4172,2494912.142,121085127.4,4.633123032,11.97610454,583.1128135,0.629506148,0.922765037
43,22/10/2022,952843.2503,2458265.683,118966563,4.656926405,12.00892709,581.1570155,0.620164553,0.924081612
44,29/10/2022,986297.8028,2552893.324,123192903.3,4.672593257,12.08647342,584.5023838,0.642732912,0.928878112
45,5/11/2022,982340.1187,2528487.331,121467018.2,4.715089154,12.12955197,583.8921124,0.63683145,0.932416552
46,12/11/2022,984491.2798,2523261.724,121725902.6,4.735370394,12.13382561,585.625932,0.63729581,0.934805892
47,19/11/2022,1027448.629,2647567.969,125311488.8,4.8302268,12.43957111,590.4412472,0.6633523,0.951315407
48,26/11/2022,1074459.352,2874620.655,130055240.6,4.948489006,13.20978545,598.6524535,0.701038285,0.982819901
49,3/12/2022,1077584.857,2900371.347,132744202.7,4.882176728,13.12141875,601.6875327,0.708527817,0.977909205
50,10/12/2022,1170637.787,3083478.016,140627195.7,5.065478718,13.34916212,609.6281691,0.757820621,1
51,17/12/2022,1540058.959,3908015.382,194149903.2,4.652914216,11.84660349,578.9940049,1,0.918581618
52,24/12/2022,708827.4031,1890963.845,85905823.07,4.361287246,12.61833299,557.1331933,0.462199868,0.90670841
